G01N;G05B;G06F;G06K;G06N;G06Q;G06T;G10L;H04L;H04N
13340,29489;3561,421866;18142,03556;4029,98904;531,3934634;6355,247678;2651,351799;790,0962138;11597,19033;8509,582754
13427,07594;3580,817767;18313,96201;4060,480268;537,0485303;6443,588539;2678,227631;797,7701135;11692,31179;8577,621522
13513,85698;3600,213668;18485,88847;4090,971496;542,7035972;6531,929401;2705,103463;805,4440133;11787,43325;8645,660289
13600,63803;3619,609569;18657,81493;4121,462725;548,3586642;6620,270263;2731,979295;813,117913;11882,55471;8713,699057
13687,41907;3639,00547;18829,74138;4151,953953;554,0137311;6708,611125;2758,855127;820,7918128;11977,67617;8781,737824
13774,20011;3658,401371;19001,66784;4182,445181;559,668798;6796,951986;2785,730959;828,4657125;12072,79763;8849,776591
13860,98116;3677,797272;19173,59429;4212,936409;565,3238649;6885,292848;2812,606791;836,1396122;12167,91909;8917,815359
13947,7622;3697,193174;19345,52075;4243,427638;570,9789319;6973,63371;2839,482623;843,813512;12263,04055;8985,854126
14034,54324;3716,589075;19517,4472;4273,918866;576,6339988;7061,974572;2866,358455;851,4874117;12358,16201;9053,892894
14121,32429;3735,984976;19689,37366;4304,410094;582,2890657;7150,315434;2893,234287;859,1613115;12453,28347;9121,931661
14208,10533;3755,380877;19861,30011;4334,901323;587,9441327;7238,656295;2920,110119;866,8352112;12548,40493;9189,970429
14294,88638;3774,776778;20033,22657;4365,392551;593,5991996;7326,997157;2946,985951;874,5091109;12643,52639;9258,009196
14381,66742;3794,172679;20205,15302;4395,883779;599,2542665;7415,338019;2973,861783;882,1830107;12738,64785;9326,047964
14468,44846;3813,56858;20377,07948;4426,375008;604,9093335;7503,678881;3000,737615;889,8569104;12833,76931;9394,086731
1725,984467;375,4102516;3365,070517;602,2391209;109,9009137;1750,835793;536,0252225;148,8548172;1847,700604;1337,595612
1812,765511;394,8061527;3536,996973;632,7303492;115,5559806;1839,176654;562,9010545;156,528717;1942,822064;1405,63438
1899,546555;414,2020539;3708,923428;663,2215775;121,2110476;1927,517516;589,7768866;164,2026167;2037,943524;1473,673147
1986,327598;433,597955;3880,849884;693,7128058;126,8661145;2015,858378;616,6527187;171,8765165;2133,064984;1541,711915
2073,108642;452,9938562;4052,776339;724,2040341;132,5211814;2104,19924;643,5285507;179,5504162;2228,186444;1609,750682
2159,889686;472,3897573;4224,702795;754,6952624;138,1762484;2192,540101;670,4043828;187,2243159;2323,307904;1677,78945
2246,670729;491,7856585;4396,62925;785,1864907;143,8313153;2280,880963;697,2802148;194,8982157;2418,429365;1745,828217
2333,451773;511,1815596;4568,555706;815,677719;149,4863822;2369,221825;724,1560469;202,5721154;2513,550825;1813,866984
2420,232817;530,5774607;4740,482161;846,1689473;155,1414491;2457,562687;751,031879;210,2460152;2608,672285;1881,905752
2507,01386;549,9733619;4912,408617;876,6601756;160,7965161;2545,903548;777,907711;217,9199149;2703,793745;1949,944519
2593,794904;569,369263;5084,335072;907,1514039;166,451583;2634,24441;804,7835431;225,5938146;2798,915205;2017,983287
2680,575948;588,7651642;5256,261528;937,6426322;172,1066499;2722,585272;831,6593751;233,2677144;2894,036665;2086,022054
2767,356991;608,1610653;5428,187983;968,1338606;177,7617169;2810,926134;858,5352072;240,9416141;2989,158125;2154,060822
2854,138035;627,5569665;5600,114439;998,6250889;183,4167838;2899,266996;885,4110392;248,6155139;3084,279585;2222,099589
1427,313935;316,0550622;2731,750312;504,3086457;89,03029544;1419,277045;423,4480667;121,1737071;1495,584085;1076,452029
1514,094979;335,4509633;2903,676767;534,799874;94,68536237;1507,617907;450,3238988;128,8476068;1590,705545;1144,490797
1600,876023;354,8468645;3075,603223;565,2911023;100,3404293;1595,958769;477,1997308;136,5215066;1685,827006;1212,529564
1687,657066;374,2427656;3247,529678;595,7823306;105,9954962;1684,299631;504,0755629;144,1954063;1780,948466;1280,568332
1774,43811;393,6386667;3419,456134;626,2735589;111,6505632;1772,640492;530,9513949;151,8693061;1876,069926;1348,607099
1861,219154;413,0345679;3591,382589;656,7647872;117,3056301;1860,981354;557,827227;159,5432058;1971,191386;1416,645866
1948,000197;432,430469;3763,309045;687,2560155;122,960697;1949,322216;584,7030591;167,2171055;2066,312846;1484,684634
2034,781241;451,8263702;3935,2355;717,7472438;128,615764;2037,663078;611,5788911;174,8910053;2161,434306;1552,723401
2121,562285;471,2222713;4107,161956;748,2384721;134,2708309;2126,003939;638,4547232;182,564905;2256,555766;1620,762169
2208,343328;490,6181725;4279,088411;778,7297004;139,9258978;2214,344801;665,3305552;190,2388048;2351,677226;1688,800936
2295,124372;510,0140736;4451,014867;809,2209287;145,5809647;2302,685663;692,2063873;197,9127045;2446,798686;1756,839704
2381,905416;529,4099748;4622,941322;839,712157;151,2360317;2391,026525;719,0822194;205,5866042;2541,920146;1824,878471
2468,686459;548,8058759;4794,867778;870,2033853;156,8910986;2479,367387;745,9580514;213,260504;2637,041606;1892,917238
2555,467503;568,201777;4966,794233;900,6946136;162,5461655;2567,708248;772,8338835;220,9344037;2732,163066;1960,956006
1665,027476;360,6605145;3247,719364;567,2427887;105,5942887;1667,492536;499,5998961;144,2935856;1810,737673;1277,870359
1751,80852;380,0564156;3419,64582;597,734017;111,2493556;1755,833398;526,4757281;151,9674853;1905,859133;1345,909127
1838,589563;399,4523168;3591,572275;628,2252453;116,9044226;1844,17426;553,3515602;159,6413851;2000,980593;1413,947894
1925,370607;418,8482179;3763,498731;658,7164736;122,5594895;1932,515122;580,2273922;167,3152848;2096,102053;1481,986662
2012,151651;438,2441191;3935,425186;689,207702;128,2145564;2020,855983;607,1032243;174,9891845;2191,223513;1550,025429
2098,932694;457,6400202;4107,351642;719,6989303;133,8696233;2109,196845;633,9790564;182,6630843;2286,344973;1618,064196
2185,713738;477,0359214;4279,278097;750,1901586;139,5246903;2197,537707;660,8548884;190,336984;2381,466433;1686,102964
2272,494782;496,4318225;4451,204553;780,6813869;145,1797572;2285,878569;687,7307205;198,0108838;2476,587893;1754,141731
2359,275825;515,8277236;4623,131008;811,1726152;150,8348241;2374,21943;714,6065525;205,6847835;2571,709353;1822,180499
2446,056869;535,2236248;4795,057464;841,6638435;156,4898911;2462,560292;741,4823846;213,3586832;2666,830813;1890,219266
2532,837913;554,6195259;4966,983919;872,1550718;162,144958;2550,901154;768,3582167;221,032583;2761,952273;1958,258034
2619,618956;574,0154271;5138,910375;902,6463001;167,8000249;2639,242016;795,2340487;228,7064827;2857,073733;2026,296801
2706,4;593,4113282;5310,83683;933,1375284;173,4550919;2727,582878;822,1098808;236,3803825;2952,195193;2094,335569
2793,181044;612,8072294;5482,763286;963,6287567;179,1101588;2815,923739;848,9857128;244,0542822;3047,316654;2162,374336
1622,03346;350,4400015;3103,980432;552,9698507;100,8364963;1583,716493;483,3662796;141,4508517;1787,460825;1228,654449
1708,814504;369,8359026;3275,906888;583,461079;106,4915633;1672,057354;510,2421116;149,1247514;1882,582285;1296,693217
1795,595547;389,2318038;3447,833343;613,9523073;112,1466302;1760,398216;537,1179437;156,7986511;1977,703745;1364,731984
1882,376591;408,6277049;3619,759799;644,4435356;117,8016971;1848,739078;563,9937757;164,4725509;2072,825205;1432,770751
1969,157635;428,0236061;3791,686254;674,9347639;123,4567641;1937,07994;590,8696078;172,1464506;2167,946665;1500,809519
2055,938678;447,4195072;3963,61271;705,4259922;129,111831;2025,420801;617,7454398;179,8203504;2263,068125;1568,848286
2142,719722;466,8154084;4135,539165;735,9172205;134,7668979;2113,761663;644,6212719;187,4942501;2358,189585;1636,887054
2229,500766;486,2113095;4307,465621;766,4084488;140,4219648;2202,102525;671,497104;195,1681498;2453,311045;1704,925821
2316,281809;505,6072107;4479,392076;796,8996772;146,0770318;2290,443387;698,372936;202,8420496;2548,432505;1772,964589
2403,062853;525,0031118;4651,318532;827,3909055;151,7320987;2378,784249;725,2487681;210,5159493;2643,553965;1841,003356
2489,843897;544,3990129;4823,244987;857,8821338;157,3871656;2467,12511;752,1246001;218,1898491;2738,675425;1909,042123
2576,62494;563,7949141;4995,171443;888,3733621;163,0422326;2555,465972;779,0004322;225,8637488;2833,796886;1977,080891
2663,405984;583,1908152;5167,097898;918,8645904;168,6972995;2643,806834;805,8762643;233,5376485;2928,918346;2045,119658
2750,187028;602,5867164;5339,024354;949,3558187;174,3523664;2732,147696;832,7520963;241,2115483;3024,039806;2113,158426
2040,897954;409,1381641;3676,134174;739,8013829;114,2726716;1723,187433;588,5154525;170,5509952;2114,86283;1545,07711
2127,678997;428,5340653;3848,06063;770,2926112;119,9277385;1811,528295;615,3912846;178,2248949;2209,98429;1613,115877
2214,460041;447,9299664;4019,987085;800,7838395;125,5828054;1899,869156;642,2671167;185,8987947;2305,10575;1681,154644
2301,241085;467,3258676;4191,913541;831,2750678;131,2378724;1988,210018;669,1429487;193,5726944;2400,22721;1749,193412
2388,022128;486,7217687;4363,839996;861,7662961;136,8929393;2076,55088;696,0187808;201,2465941;2495,34867;1817,232179
2474,803172;506,1176698;4535,766452;892,2575244;142,5480062;2164,891742;722,8946128;208,9204939;2590,47013;1885,270947
2561,584216;525,513571;4707,692907;922,7487527;148,2030731;2253,232604;749,7704449;216,5943936;2685,59159;1953,309714
2648,365259;544,9094721;4879,619363;953,239981;153,8581401;2341,573465;776,6462769;224,2682934;2780,71305;2021,348482
2735,146303;564,3053733;5051,545818;983,7312093;159,513207;2429,914327;803,522109;231,9421931;2875,83451;2089,387249
2821,927347;583,7012744;5223,472274;1014,222438;165,1682739;2518,255189;830,3979411;239,6160928;2970,95597;2157,426017
2908,70839;603,0971756;5395,398729;1044,713666;170,8233409;2606,596051;857,2737731;247,2899926;3066,07743;2225,464784
2995,489434;622,4930767;5567,325185;1075,204894;176,4784078;2694,936912;884,1496052;254,9638923;3161,19889;2293,503551
3082,270478;641,8889779;5739,25164;1105,696123;182,1334747;2783,277774;911,0254372;262,6377921;3256,32035;2361,542319
3169,051521;661,284879;5911,178096;1136,187351;187,7885417;2871,618636;937,9012693;270,3116918;3351,441811;2429,581086
3207,901377;665,3838979;4131,834524;852,4204722;117,929076;1786,595334;630,9612819;201,7120718;2429,021775;1781,353115
3294,682421;684,7797991;4303,76098;882,9117006;123,5841429;1874,936195;657,837114;209,3859716;2524,143235;1849,391883
3381,463465;704,1757002;4475,687435;913,4029289;129,2392099;1963,277057;684,712946;217,0598713;2619,264695;1917,43065
3468,244508;723,5716014;4647,613891;943,8941572;134,8942768;2051,617919;711,5887781;224,7337711;2714,386155;1985,469418
3555,025552;742,9675025;4819,540346;974,3853855;140,5493437;2139,958781;738,4646101;232,4076708;2809,507615;2053,508185
3641,806596;762,3634036;4991,466802;1004,876614;146,2044107;2228,299642;765,3404422;240,0815705;2904,629075;2121,546953
3728,587639;781,7593048;5163,393257;1035,367842;151,8594776;2316,640504;792,2162743;247,7554703;2999,750536;2189,58572
3815,368683;801,1552059;5335,319713;1065,85907;157,5145445;2404,981366;819,0921063;255,42937;3094,871996;2257,624488
3902,149727;820,5511071;5507,246169;1096,350299;163,1696115;2493,322228;845,9679384;263,1032698;3189,993456;2325,663255
3988,93077;839,9470082;5679,172624;1126,841527;168,8246784;2581,66309;872,8437704;270,7771695;3285,114916;2393,702022
4075,711814;859,3429094;5851,09908;1157,332755;174,4797453;2670,003951;899,7196025;278,4510692;3380,236376;2461,74079
4162,492858;878,7388105;6023,025535;1187,823984;180,1348122;2758,344813;926,5954346;286,124969;3475,357836;2529,779557
4249,273901;898,1347117;6194,951991;1218,315212;185,7898792;2846,685675;953,4712666;293,7988687;3570,479296;2597,818325
4336,054945;917,5306128;6366,878446;1248,80644;191,4449461;2935,026537;980,3470987;301,4727685;3665,600756;2665,857092
1717,600845;377,243248;3363,899139;598,2495801;109,8400051;1717,048938;526,9838463;150,9464466;1862,028259;1340,976144
1804,381889;396,6391491;3535,825595;628,7408085;115,495072;1805,389799;553,8596784;158,6203463;1957,149719;1409,014911
1891,162933;416,0350503;3707,75205;659,2320368;121,150139;1893,730661;580,7355104;166,2942461;2052,271179;1477,053679
1977,943976;435,4309514;3879,678506;689,7232651;126,8052059;1982,071523;607,6113425;173,9681458;2147,392639;1545,092446
2064,72502;454,8268525;4051,604961;720,2144934;132,4602728;2070,412385;634,4871746;181,6420455;2242,514099;1613,131214
2151,506064;474,2227537;4223,531417;750,7057217;138,1153398;2158,753246;661,3630066;189,3159453;2337,63556;1681,169981
2238,287107;493,6186548;4395,457872;781,19695;143,7704067;2247,094108;688,2388387;196,989845;2432,75702;1749,208749
2325,068151;513,014556;4567,384328;811,6881783;149,4254736;2335,43497;715,1146707;204,6637448;2527,87848;1817,247516
2411,849195;532,4104571;4739,310783;842,1794066;155,0805405;2423,775832;741,9905028;212,3376445;2622,99994;1885,286283
2498,630238;551,8063583;4911,237239;872,6706349;160,7356075;2512,116693;768,8663348;220,0115443;2718,1214;1953,325051
2585,411282;571,2022594;5083,163695;903,1618632;166,3906744;2600,457555;795,7421669;227,685444;2813,24286;2021,363818
2672,192326;590,5981606;5255,09015;933,6530915;172,0457413;2688,798417;822,617999;235,3593437;2908,36432;2089,402586
2758,973369;609,9940617;5427,016606;964,1443198;177,7008083;2777,139279;849,493831;243,0332435;3003,48578;2157,441353
2845,754413;629,3899628;5598,943061;994,6355481;183,3558752;2865,480141;876,3696631;250,7071432;3098,60724;2225,480121
1778,575123;404,4929958;3410,558528;615,9614082;111,8059785;1747,814224;529,9663084;154,6084349;1890,980617;1368,859842
1865,356166;423,8888969;3582,484984;646,4526365;117,4610454;1836,155086;556,8421404;162,2823347;1986,102077;1436,898609
1952,13721;443,2847981;3754,411439;676,9438648;123,1161124;1924,495948;583,7179725;169,9562344;2081,223537;1504,937377
2038,918254;462,6806992;3926,337895;707,4350931;128,7711793;2012,836809;610,5938045;177,6301341;2176,344997;1572,976144
2125,699297;482,0766003;4098,26435;737,9263214;134,4262462;2101,177671;637,4696366;185,3040339;2271,466457;1641,014912
2212,480341;501,4725015;4270,190806;768,4175497;140,0813132;2189,518533;664,3454687;192,9779336;2366,587918;1709,053679
2299,261385;520,8684026;4442,117262;798,908778;145,7363801;2277,859395;691,2213007;200,6518334;2461,709378;1777,092446
2386,042428;540,2643038;4614,043717;829,4000063;151,391447;2366,200256;718,0971328;208,3257331;2556,830838;1845,131214
2472,823472;559,6602049;4785,970173;859,8912346;157,0465139;2454,541118;744,9729648;215,9996328;2651,952298;1913,169981
2559,604516;579,0561061;4957,896628;890,3824629;162,7015809;2542,88198;771,8487969;223,6735326;2747,073758;1981,208749
2646,385559;598,4520072;5129,823084;920,8736912;168,3566478;2631,222842;798,724629;231,3474323;2842,195218;2049,247516
2733,166603;617,8479084;5301,749539;951,3649195;174,0117147;2719,563704;825,600461;239,0213321;2937,316678;2117,286284
2819,947647;637,2438095;5473,675995;981,8561479;179,6667817;2807,904565;852,4762931;246,6952318;3032,438138;2185,325051
2906,72869;656,6397107;5645,60245;1012,347376;185,3218486;2896,245427;879,3521251;254,3691315;3127,559598;2253,363818
13746,66019;3367,606623;33900,22032;5031,133444;495,3210269;14470,88002;7021,207831;2354,228356;9826,532373;39883,62194
13833,44124;3387,002524;34072,14678;5061,624672;500,9760938;14559,22088;7048,083663;2361,902256;9921,653833;39951,6607
13920,22228;3406,398425;34244,07323;5092,1159;506,6311607;14647,56174;7074,959495;2369,576156;10016,77529;40019,69947
14007,00332;3425,794327;34415,99969;5122,607129;512,2862277;14735,90261;7101,835327;2377,250055;10111,89675;40087,73824
14093,78437;3445,190228;34587,92615;5153,098357;517,9412946;14824,24347;7128,711159;2384,923955;10207,01821;40155,77701
14180,56541;3464,586129;34759,8526;5183,589585;523,5963615;14912,58433;7155,586991;2392,597855;10302,13967;40223,81577
14267,34646;3483,98203;34931,77906;5214,080814;529,2514284;15000,92519;7182,462823;2400,271754;10397,26113;40291,85454
14354,1275;3503,377931;35103,70551;5244,572042;534,9064954;15089,26605;7209,338656;2407,945654;10492,38259;40359,89331
14440,90854;3522,773832;35275,63197;5275,06327;540,5615623;15177,60692;7236,214488;2415,619554;10587,50405;40427,93208
14527,68959;3542,169733;35447,55842;5305,554499;546,2166292;15265,94778;7263,09032;2423,293454;10682,62551;40495,97084
14614,47063;3561,565635;35619,48488;5336,045727;551,8716962;15354,28864;7289,966152;2430,967353;10777,74697;40564,00961
14701,25167;3580,961536;35791,41133;5366,536955;557,5267631;15442,6295;7316,841984;2438,641253;10872,86843;40632,04838
14788,03272;3600,357437;35963,33779;5397,028184;563,18183;15530,97036;7343,717816;2446,315153;10967,98989;40700,08715
14874,81376;3619,753338;36135,26424;5427,519412;568,836897;15619,31122;7370,593648;2453,989053;11063,11135;40768,12591
1571,854144;343,0385442;3048,746186;548,1911717;99,33703451;1567,970958;476,9283685;136,6324506;1686,955231;1232,230823
1658,635188;362,4344453;3220,672642;578,6824;104,9921014;1656,31182;503,8042005;144,3063504;1782,076691;1300,26959
1745,416232;381,8303465;3392,599098;609,1736283;110,6471684;1744,652682;530,6800326;151,9802501;1877,198152;1368,308358
1832,197275;401,2262476;3564,525553;639,6648567;116,3022353;1832,993543;557,5558647;159,6541498;1972,319612;1436,347125
1918,978319;420,6221488;3736,452009;670,156085;121,9573022;1921,334405;584,4316967;167,3280496;2067,441072;1504,385892
2005,759363;440,0180499;3908,378464;700,6473133;127,6123692;2009,675267;611,3075288;175,0019493;2162,562532;1572,42466
2092,540406;459,4139511;4080,30492;731,1385416;133,2674361;2098,016129;638,1833608;182,6758491;2257,683992;1640,463427
2179,32145;478,8098522;4252,231375;761,6297699;138,922503;2186,35699;665,0591929;190,3497488;2352,805452;1708,502195
2266,102494;498,2057533;4424,157831;792,1209982;144,5775699;2274,697852;691,935025;198,0236485;2447,926912;1776,540962
2352,883537;517,6016545;4596,084286;822,6122265;150,2326369;2363,038714;718,810857;205,6975483;2543,048372;1844,57973
2439,664581;536,9975556;4768,010742;853,1034548;155,8877038;2451,379576;745,6866891;213,371448;2638,169832;1912,618497
2526,445625;556,3934568;4939,937197;883,5946831;161,5427707;2539,720437;772,5625211;221,0453478;2733,291292;1980,657265
2613,226668;575,7893579;5111,863653;914,0859114;167,1978377;2628,061299;799,4383532;228,7192475;2828,412752;2048,696032
2700,007712;595,1852591;5283,790108;944,5771397;172,8529046;2716,402161;826,3141853;236,3931472;2923,534212;2116,734799
2505,744093;406,0397607;3282,534596;590,3658261;113,440054;1595,711298;493,6163359;142,1382547;1731,003194;1241,193359
2592,525137;425,4356618;3454,461052;620,8570544;119,0951209;1684,052159;520,4921679;149,8121545;1826,124654;1309,232127
2679,306181;444,831563;3626,387507;651,3482827;124,7501878;1772,393021;547,368;157,4860542;1921,246114;1377,270894
2766,087224;464,2274641;3798,313963;681,839511;130,4052548;1860,733883;574,243832;165,159954;2016,367574;1445,309661
2852,868268;483,6233652;3970,240418;712,3307393;136,0603217;1949,074745;601,1196641;172,8338537;2111,489034;1513,348429
2939,649312;503,0192664;4142,166874;742,8219676;141,7153886;2037,415606;627,9954961;180,5077534;2206,610494;1581,387196
3026,430355;522,4151675;4314,093329;773,3131959;147,3704556;2125,756468;654,8713282;188,1816532;2301,731954;1649,425964
3113,211399;541,8110687;4486,019785;803,8044242;153,0255225;2214,09733;681,7471603;195,8555529;2396,853414;1717,464731
3199,992443;561,2069698;4657,94624;834,2956526;158,6805894;2302,438192;708,6229923;203,5294527;2491,974874;1785,503499
3286,773486;580,602871;4829,872696;864,7868809;164,3356563;2390,779053;735,4988244;211,2033524;2587,096334;1853,542266
3373,55453;599,9987721;5001,799151;895,2781092;169,9907233;2479,119915;762,3746564;218,8772521;2682,217794;1921,581033
3460,335574;619,3946733;5173,725607;925,7693375;175,6457902;2567,460777;789,2504885;226,5511519;2777,339254;1989,619801
3547,116617;638,7905744;5345,652063;956,2605658;181,3008571;2655,801639;816,1263206;234,2250516;2872,460714;2057,658568
3633,897661;658,1864755;5517,578518;986,7517941;186,9559241;2744,142501;843,0021526;241,8989514;2967,582174;2125,697336
2983,404423;475,5330674;7913,693504;1271,520644;143,431189;4856,73178;1065,470664;370,3539836;3859,981232;4877,276927
3070,185466;494,9289685;8085,61996;1302,011872;149,0862559;4945,072642;1092,346496;378,0278834;3955,102692;4945,315695
3156,96651;514,3248697;8257,546415;1332,503101;154,7413229;5033,413503;1119,222328;385,7017831;4050,224152;5013,354462
3243,747554;533,7207708;8429,472871;1362,994329;160,3963898;5121,754365;1146,09816;393,3756828;4145,345612;5081,39323
3330,528597;553,116672;8601,399326;1393,485557;166,0514567;5210,095227;1172,973992;401,0495826;4240,467072;5149,431997
3417,309641;572,5125731;8773,325782;1423,976786;171,7065237;5298,436089;1199,849824;408,7234823;4335,588532;5217,470765
3504,090685;591,9084743;8945,252237;1454,468014;177,3615906;5386,77695;1226,725656;416,3973821;4430,709992;5285,509532
3590,871728;611,3043754;9117,178693;1484,959242;183,0166575;5475,117812;1253,601488;424,0712818;4525,831452;5353,5483
3677,652772;630,7002766;9289,105148;1515,450471;188,6717244;5563,458674;1280,47732;431,7451815;4620,952912;5421,587067
3764,433816;650,0961777;9461,031604;1545,941699;194,3267914;5651,799536;1307,353152;439,4190813;4716,074372;5489,625834
3851,214859;669,4920788;9632,958059;1576,432927;199,9818583;5740,140397;1334,228984;447,092981;4811,195832;5557,664602
3937,995903;688,88798;9804,884515;1606,924155;205,6369252;5828,481259;1361,104816;454,7668808;4906,317292;5625,703369
4024,776947;708,2838811;9976,81097;1637,415384;211,2919922;5916,822121;1387,980648;462,4407805;5001,438752;5693,742137
4111,55799;727,6797823;10148,73743;1667,906612;216,9470591;6005,162983;1414,85648;470,1146802;5096,560212;5761,780904
1714,721996;378,219733;3277,782489;594,9343403;107,4571212;1679,294561;515,5692855;147,0699351;1817,122431;1304,475008
1801,50304;397,6156342;3449,708944;625,4255686;113,1121881;1767,635423;542,4451175;154,7438348;1912,243892;1372,513775
1888,284083;417,0115353;3621,6354;655,9167969;118,767255;1855,976284;569,3209496;162,4177346;2007,365352;1440,552543
1975,065127;436,4074365;3793,561855;686,4080252;124,422322;1944,317146;596,1967816;170,0916343;2102,486812;1508,59131
2061,846171;455,8033376;3965,488311;716,8992536;130,0773889;2032,658008;623,0726137;177,7655341;2197,608272;1576,630078
2148,627214;475,1992388;4137,414766;747,3904819;135,7324558;2120,99887;649,9484458;185,4394338;2292,729732;1644,668845
2235,408258;494,5951399;4309,341222;777,8817102;141,3875228;2209,339732;676,8242778;193,1133335;2387,851192;1712,707613
2322,189302;513,9910411;4481,267677;808,3729385;147,0425897;2297,680593;703,7001099;200,7872333;2482,972652;1780,74638
2408,970345;533,3869422;4653,194133;838,8641668;152,6976566;2386,021455;730,5759419;208,461133;2578,094112;1848,785147
2495,751389;552,7828433;4825,120588;869,3553951;158,3527235;2474,362317;757,451774;216,1350328;2673,215572;1916,823915
2582,532433;572,1787445;4997,047044;899,8466234;164,0077905;2562,703179;784,3276061;223,8089325;2768,337032;1984,862682
2669,313476;591,5746456;5168,973499;930,3378517;169,6628574;2651,04404;811,2034381;231,4828322;2863,458492;2052,90145
2756,09452;610,9705468;5340,899955;960,82908;175,3179243;2739,384902;838,0792702;239,156732;2958,579952;2120,940217
2842,875564;630,3664479;5512,826411;991,3203083;180,9729913;2827,725764;864,9551022;246,8306317;3053,701412;2188,978985
1616,664125;346,5421499;3055,389444;548,5976649;98,70966236;1549,786299;477,3102834;139,2033922;1719,04269;1205,806595
1703,445169;365,938051;3227,3159;579,0888932;104,3647293;1638,127161;504,1861155;146,8772919;1814,16415;1273,845362
1790,226212;385,3339522;3399,242355;609,5801216;110,0197962;1726,468023;531,0619476;154,5511916;1909,28561;1341,884129
1877,007256;404,7298533;3571,168811;640,0713499;115,6748632;1814,808885;557,9377796;162,2250914;2004,40707;1409,922897
1963,7883;424,1257545;3743,095266;670,5625782;121,3299301;1903,149747;584,8136117;169,8989911;2099,52853;1477,961664
2050,569343;443,5216556;3915,021722;701,0538065;126,984997;1991,490608;611,6894437;177,5728909;2194,64999;1546,000432
2137,350387;462,9175567;4086,948177;731,5450348;132,6400639;2079,83147;638,5652758;185,2467906;2289,77145;1614,039199
2224,131431;482,3134579;4258,874633;762,0362631;138,2951309;2168,172332;665,4411078;192,9206903;2384,89291;1682,077967
2310,912474;501,709359;4430,801089;792,5274914;143,9501978;2256,513194;692,3169399;200,5945901;2480,01437;1750,116734
2397,693518;521,1052602;4602,727544;823,0187197;149,6052647;2344,854055;719,192772;208,2684898;2575,13583;1818,155501
2484,474562;540,5011613;4774,654;853,509948;155,2603317;2433,194917;746,068604;215,9423896;2670,25729;1886,194269
2571,255605;559,8970625;4946,580455;884,0011763;160,9153986;2521,535779;772,9444361;223,6162893;2765,37875;1954,233036
2658,036649;579,2929636;5118,506911;914,4924046;166,5704655;2609,876641;799,8202681;231,290189;2860,50021;2022,271804
2744,817693;598,6888648;5290,433366;944,9836329;172,2255325;2698,217503;826,6961002;238,9640888;2955,621671;2090,310571
2025,621314;373,6734338;3610,852672;628,4432791;109,4038625;1690,090064;589,9148661;177,140342;2067,470086;1595,559312
2112,402357;393,0693349;3782,779128;658,9345074;115,0589294;1778,430925;616,7906982;184,8142418;2162,591546;1663,598079
2199,183401;412,4652361;3954,705583;689,4257357;120,7139964;1866,771787;643,6665302;192,4881415;2257,713007;1731,636846
2285,964445;431,8611372;4126,632039;719,916964;126,3690633;1955,112649;670,5423623;200,1620412;2352,834467;1799,675614
2372,745488;451,2570384;4298,558494;750,4081923;132,0241302;2043,453511;697,4181944;207,835941;2447,955927;1867,714381
2459,526532;470,6529395;4470,48495;780,8994206;137,6791971;2131,794373;724,2940264;215,5098407;2543,077387;1935,753149
2546,307576;490,0488407;4642,411405;811,3906489;143,3342641;2220,135234;751,1698585;223,1837405;2638,198847;2003,791916
2633,088619;509,4447418;4814,337861;841,8818772;148,989331;2308,476096;778,0456905;230,8576402;2733,320307;2071,830684
2719,869663;528,8406429;4986,264316;872,3731056;154,6443979;2396,816958;804,9215226;238,53154;2828,441767;2139,869451
2806,650707;548,2365441;5158,190772;902,8643339;160,2994649;2485,15782;831,7973547;246,2054397;2923,563227;2207,908219
2893,43175;567,6324452;5330,117227;933,3555622;165,9545318;2573,498681;858,6731867;253,8793394;3018,684687;2275,946986
2980,212794;587,0283464;5502,043683;963,8467905;171,6095987;2661,839543;885,5490188;261,5532392;3113,806147;2343,985753
3066,993838;606,4242475;5673,970138;994,3380188;177,2646657;2750,180405;912,4248508;269,2271389;3208,927607;2412,024521
3153,774881;625,8201487;5845,896594;1024,829247;182,9197326;2838,521267;939,3006829;276,9010387;3304,049067;2480,063288
2028,616281;381,2987869;3259,507532;582,4775263;109,4301507;1659,556649;503,7225024;145,1240733;1777,945898;1273,814582
2115,397324;400,6946881;3431,433988;612,9687547;115,0852177;1747,89751;530,5983344;152,797973;1873,067358;1341,853349
2202,178368;420,0905892;3603,360444;643,459983;120,7402846;1836,238372;557,4741665;160,4718728;1968,188818;1409,892117
2288,959412;439,4864903;3775,286899;673,9512113;126,3953515;1924,579234;584,3499985;168,1457725;2063,310278;1477,930884
2375,740455;458,8823915;3947,213355;704,4424396;132,0504185;2012,920096;611,2258306;175,8196723;2158,431738;1545,969652
2462,521499;478,2782926;4119,13981;734,9336679;137,7054854;2101,260957;638,1016627;183,493572;2253,553198;1614,008419
2549,302543;497,6741938;4291,066266;765,4248962;143,3605523;2189,601819;664,9774947;191,1674717;2348,674658;1682,047187
2636,083586;517,0700949;4462,992721;795,9161245;149,0156193;2277,942681;691,8533268;198,8413715;2443,796118;1750,085954
2722,86463;536,4659961;4634,919177;826,4073528;154,6706862;2366,283543;718,7291588;206,5152712;2538,917579;1818,124722
2809,645674;555,8618972;4806,845632;856,8985811;160,3257531;2454,624405;745,6049909;214,189171;2634,039039;1886,163489
2896,426717;575,2577984;4978,772088;887,3898094;165,98082;2542,965266;772,480823;221,8630707;2729,160499;1954,202256
2983,207761;594,6536995;5150,698543;917,8810377;171,635887;2631,306128;799,356655;229,5369704;2824,281959;2022,241024
3069,988805;614,0496006;5322,624999;948,372266;177,2909539;2719,64699;826,2324871;237,2108702;2919,403419;2090,279791
3156,769848;633,4455018;5494,551454;978,8634943;182,9460208;2807,987852;853,1083191;244,8847699;3014,524879;2158,318559
3917,681333;817,5861147;18209,02597;2081,689854;491,2073479;4097,965007;1709,703369;735,4236593;7021,67356;5221,203636
4004,462376;836,9820158;18380,95243;2112,181082;496,8624148;4186,305868;1736,579201;743,0975591;7116,79502;5289,242404
4091,24342;856,377917;18552,87888;2142,672311;502,5174817;4274,64673;1763,455033;750,7714588;7211,91648;5357,281171
4178,024464;875,7738181;18724,80534;2173,163539;508,1725487;4362,987592;1790,330865;758,4453586;7307,03794;5425,319938
4264,805507;895,1697193;18896,7318;2203,654767;513,8276156;4451,328454;1817,206697;766,1192583;7402,1594;5493,358706
4351,586551;914,5656204;19068,65825;2234,145996;519,4826825;4539,669316;1844,082529;773,793158;7497,28086;5561,397473
4438,367595;933,9615216;19240,58471;2264,637224;525,1377495;4628,010177;1870,958361;781,4670578;7592,40232;5629,436241
4525,148638;953,3574227;19412,51116;2295,128452;530,7928164;4716,351039;1897,834193;789,1409575;7687,52378;5697,475008
4611,929682;972,7533238;19584,43762;2325,619681;536,4478833;4804,691901;1924,710025;796,8148573;7782,64524;5765,513776
4698,710726;992,149225;19756,36407;2356,110909;542,1029503;4893,032763;1951,585857;804,488757;7877,7667;5833,552543
4785,491769;1011,545126;19928,29053;2386,602137;547,7580172;4981,373624;1978,461689;812,1626567;7972,88816;5901,591311
4872,272813;1030,941027;20100,21698;2417,093366;553,4130841;5069,714486;2005,337521;819,8365565;8068,00962;5969,630078
4959,053857;1050,336928;20272,14344;2447,584594;559,0681511;5158,055348;2032,213353;827,5104562;8163,13108;6037,668845
5045,8349;1069,73283;20444,0699;2478,075822;564,723218;5246,39621;2059,089185;835,184356;8258,252541;6105,707613
1765,452946;361,9844173;3132,097927;557,5359409;102,8023316;1595,253549;488,1238212;140,1729728;1723,924299;1236,24495
1852,23399;381,3803185;3304,024382;588,0271692;108,4573986;1683,59441;514,9996533;147,8468725;1819,045759;1304,283718
1939,015033;400,7762196;3475,950838;618,5183975;114,1124655;1771,935272;541,8754853;155,5207722;1914,167219;1372,322485
2025,796077;420,1721208;3647,877293;649,0096258;119,7675324;1860,276134;568,7513174;163,194672;2009,288679;1440,361253
2112,577121;439,5680219;3819,803749;679,5008541;125,4225993;1948,616996;595,6271494;170,8685717;2104,410139;1508,40002
2199,358164;458,9639231;3991,730204;709,9920824;131,0776663;2036,957857;622,5029815;178,5424715;2199,531599;1576,438788
2286,139208;478,3598242;4163,65666;740,4833107;136,7327332;2125,298719;649,3788136;186,2163712;2294,653059;1644,477555
2372,920252;497,7557254;4335,583115;770,974539;142,3878001;2213,639581;676,2546456;193,8902709;2389,774519;1712,516322
2459,701295;517,1516265;4507,509571;801,4657673;148,0428671;2301,980443;703,1304777;201,5641707;2484,895979;1780,55509
2546,482339;536,5475276;4679,436026;831,9569956;153,697934;2390,321305;730,0063097;209,2380704;2580,017439;1848,593857
2633,263383;555,9434288;4851,362482;862,448224;159,3530009;2478,662166;756,8821418;216,9119702;2675,138899;1916,632625
2720,044426;575,3393299;5023,288938;892,9394523;165,0080679;2567,003028;783,7579739;224,5858699;2770,260359;1984,671392
2806,82547;594,7352311;5195,215393;923,4306806;170,6631348;2655,34389;810,6338059;232,2597696;2865,381819;2052,71016
2893,606514;614,1311322;5367,141849;953,9219089;176,3182017;2743,684752;837,509638;239,9336694;2960,503279;2120,748927
